﻿<?xml version="1.0" encoding="utf-8" ?>

<!--GameItems is the root element-->
<GameItems>
  <Weapons>
    <Weapon ID="1001" Name="Stick" Price="1" MinimumDamage="1" MaximumDamage="2"/>
    <Weapon ID="1002" Name="Rusty sword" Price="5" MinimumDamage="1" MaximumDamage="3"/>
    <Weapon ID="1501" Name="Snake fang" Price="0" MinimumDamage="0" MaximumDamage="2"/>
    <Weapon ID="1502" Name="Rat claw" Price="0" MinimumDamage="0" MaximumDamage="2"/>
    <Weapon ID="1503" Name="Spider fang" Price="0" MinimumDamage="0" MaximumDamage="4"/>
  </Weapons>
  <HealingItems>
    <HealingItem ID="2001" Name="Granola bar" Price="5" HitPointsToHeal="2"/>
  </HealingItems>
  <MiscellaneousItems>
    <MiscellaneousItem ID="3001" Name="Oats" Price="1"/>
    <MiscellaneousItem ID="3002" Name="Honey" Price="2"/>
    <MiscellaneousItem ID="3003" Name="Raisins" Price="2"/>
    <MiscellaneousItem ID="9001" Name="Snake fang" Price="1"/>
    <MiscellaneousItem ID="9002" Name="Snakeskin" Price="2"/>
    <MiscellaneousItem ID="9003" Name="Rat tail" Price="1"/>
    <MiscellaneousItem ID="9004" Name="Rat fur" Price="2"/>
    <MiscellaneousItem ID="9005" Name="Spider fang" Price="1"/>
    <MiscellaneousItem ID="9006" Name="Spider silk" Price="2"/>
  </MiscellaneousItems>
</GameItems>