﻿<?xml version="1.0" encoding="utf-8" ?>
<Traders>
  <Trader ID="1">
    <Name><![CDATA[Angelina]]></Name>
    <InventoryItems>
      <Item ID="1001" Quantity="1"/>
    </InventoryItems>
  </Trader>
  <Trader ID="2">
    <Name><![CDATA[Farmer Jeff]]></Name>
    <InventoryItems>
      <Item ID="1001" Quantity="1"/>
    </InventoryItems>
  </Trader>
  <Trader ID="3">
    <Name><![CDATA[Jie The Herbalist]]></Name>
    <InventoryItems>
      <Item ID="1001" Quantity="1"/>
    </InventoryItems>
  </Trader>
</Traders>